Country,10 Year Change (%)
British Indian Ocean Territory,3612.499936140887
Marshall Islands,2333.642293080059
Burma (Myanmar),2326.778586683056
Tuvalu,1445.573846870632
Bhutan,761.4439811815639
