Country,10 Year Change (%)
Niue,-94.78308367266771
Nauru,-97.55629073908302
Tokelau Islands,-97.90236995132871
Syrian Arab Republic,-98.07398134978195
North Korea,-99.84607906675308
